{"cameraMode":{"drawMode":0,"name":"Shaded","section":"Shading Mode"},"sceneLighting":true,"audioPlay":false,"sceneViewState":{"m_AlwaysRefresh":false,"showFog":true,"showSkybox":true,"showFlares":true,"showImageEffects":true,"showParticleSystems":true,"showVisualEffectGraphs":true,"m_FxEnabled":true},"in2DMode":false,"pivot":{"x":-30.1717472076416,"y":15.996328353881836,"z":-13.608314514160157},"rotation":{"x":-0.011615371331572533,"y":-0.8839276432991028,"z":0.4673632085323334,"w":-0.027539875358343126},"size":21.324337005615236,"orthographic":true}