{"cameraMode":{"drawMode":0,"name":"Shaded","section":"Shading Mode"},"sceneLighting":true,"audioPlay":false,"sceneViewState":{"m_AlwaysRefresh":false,"showFog":true,"showSkybox":true,"showFlares":true,"showImageEffects":true,"showParticleSystems":true,"showVisualEffectGraphs":true,"m_FxEnabled":true},"in2DMode":false,"pivot":{"x":-15.545472145080567,"y":18.205833435058595,"z":-13.885388374328614},"rotation":{"x":-0.2280474603176117,"y":-0.5801838040351868,"z":0.17709371447563172,"w":-0.7620362639427185},"size":0.2664965093135834,"orthographic":true}